{"cameraMode":{"drawMode":0,"name":"Shaded","section":"Shading Mode"},"sceneLighting":false,"audioPlay":false,"sceneViewState":{"m_AlwaysRefresh":false,"showFog":true,"showSkybox":true,"showFlares":true,"showImageEffects":true,"showParticleSystems":true,"showVisualEffectGraphs":true,"m_FxEnabled":true},"in2DMode":false,"pivot":{"x":16.521474838256837,"y":-0.3749379515647888,"z":71.7215805053711},"rotation":{"x":0.08771183341741562,"y":-0.22289727628231049,"z":0.01982889510691166,"w":0.9712167978286743},"size":17.537946701049806,"orthographic":true}