{"cameraMode":{"drawMode":0,"name":"Shaded","section":"Shading Mode"},"sceneLighting":false,"audioPlay":false,"sceneViewState":{"m_AlwaysRefresh":false,"showFog":true,"showSkybox":false,"showFlares":true,"showImageEffects":true,"showParticleSystems":true,"showVisualEffectGraphs":true,"m_FxEnabled":true},"in2DMode":false,"pivot":{"x":17.851024627685548,"y":11.920000076293946,"z":59.33476257324219},"rotation":{"x":0.21880728006362916,"y":0.5744243264198303,"z":-0.16253194212913514,"w":0.7721192240715027},"size":1.3712910413742066,"orthographic":false}